<?xml version="1.0" encoding="UTF-8" standalone="yes"?>
<manifest>
  <control namespace="GT.PCF.CpfCnpj" constructor="CpfCnpj" version="0.0.11" display-name-key="CpfCnpj" description-key="Componente que formata e valida o CPF ou CNPJ digitado." control-type="standard" api-version="1.2.1">
    <property name="cpfcnpjValue" display-name-key="Property_Display_Key" description-key="Property_Desc_Key" of-type="SingleLine.Text" usage="bound" required="true"/>
    <property name="fieldType" display-name-key="fieldType_Display_Key" description-key="Field Type (cpf ou cnpj)" of-type="SingleLine.Text" usage="input" required="true"/>
    <resources>
      <code path="bundle.js" order="1"/>
    </resources>
    <built-by name="pac" version="1.1.6"/>
  </control>
</manifest>